accession,hgvs_nt,hgvs_splice,hgvs_pro,score,replicates
urn:mavedb:00000081-a-1#1,NA,NA,p.Thr167Cys,0,4
urn:mavedb:00000081-a-1#2,NA,NA,p.Thr167Arg,1,4
urn:mavedb:00000081-a-1#3,NA,NA,p.Thr167Ala,0,4
urn:mavedb:00000081-a-1#4,NA,NA,p.Thr164Leu,0,4
urn:mavedb:00000081-a-1#5,NA,NA,p.Thr164Gly,0,4
urn:mavedb:00000081-a-1#6,NA,NA,p.Thr164Glu,0,3
urn:mavedb:00000081-a-1#7,NA,NA,p.Thr164Arg,0,4
urn:mavedb:00000081-a-1#8,NA,NA,p.Thr161Val,0,4
urn:mavedb:00000081-a-1#9,NA,NA,p.Thr161Ser,0,4
urn:mavedb:00000081-a-1#10,NA,NA,p.Thr161Pro,0,4
urn:mavedb:00000081-a-1#11,NA,NA,p.Thr161Leu,0,4
urn:mavedb:00000081-a-1#12,NA,NA,p.Thr161Gly,0,4
urn:mavedb:00000081-a-1#13,NA,NA,p.Thr161Glu,0,4
urn:mavedb:00000081-a-1#14,NA,NA,p.Thr161Asp,0,3
urn:mavedb:00000081-a-1#15,NA,NA,p.Thr161Arg,0,4
urn:mavedb:00000081-a-1#16,NA,NA,p.Thr161Ala,0,4
urn:mavedb:00000081-a-1#17,NA,NA,p.Thr150Val,0,3
urn:mavedb:00000081-a-1#18,NA,NA,p.Thr150Ser,0,4
urn:mavedb:00000081-a-1#19,NA,NA,p.Thr150Gly,0,4
urn:mavedb:00000081-a-1#20,NA,NA,p.Thr150Arg,0,4
urn:mavedb:00000081-a-1#21,NA,NA,p.Ser242Asn,0,3
urn:mavedb:00000081-a-1#22,NA,NA,p.Ser186Val,1,4
urn:mavedb:00000081-a-1#23,NA,NA,p.Ser186Thr,0,4
urn:mavedb:00000081-a-1#24,NA,NA,p.Ser186Pro,0,4
urn:mavedb:00000081-a-1#25,NA,NA,p.Ser186Met,0,4
urn:mavedb:00000081-a-1#26,NA,NA,p.Ser186Lys,0,4
urn:mavedb:00000081-a-1#27,NA,NA,p.Ser186Leu,0,4
urn:mavedb:00000081-a-1#28,NA,NA,p.Ser186Ile,0,4
urn:mavedb:00000081-a-1#29,NA,NA,p.Ser186Gly,0,4
urn:mavedb:00000081-a-1#30,NA,NA,p.Ser186Glu,0,4
urn:mavedb:00000081-a-1#31,NA,NA,p.Ser186Gln,0,4
urn:mavedb:00000081-a-1#32,NA,NA,p.Ser186Cys,0,3
urn:mavedb:00000081-a-1#33,NA,NA,p.Ser186Asp,0,4
urn:mavedb:00000081-a-1#34,NA,NA,p.Ser186Arg,0,4
urn:mavedb:00000081-a-1#35,NA,NA,p.Ser186Ala,0,4
urn:mavedb:00000081-a-1#36,NA,NA,p.Ser184Val,0,4
urn:mavedb:00000081-a-1#37,NA,NA,p.Ser184Trp,0,4
urn:mavedb:00000081-a-1#38,NA,NA,p.Ser184Pro,0,4
urn:mavedb:00000081-a-1#39,NA,NA,p.Ser184Met,0,4
urn:mavedb:00000081-a-1#40,NA,NA,p.Ser184Leu,0,4
urn:mavedb:00000081-a-1#41,NA,NA,p.Ser184Gly,1,4
urn:mavedb:00000081-a-1#42,NA,NA,p.Ser184Glu,0,4
urn:mavedb:00000081-a-1#43,NA,NA,p.Ser184Arg,1,4
urn:mavedb:00000081-a-1#44,NA,NA,p.Ser184Ala,0,4
urn:mavedb:00000081-a-1#45,NA,NA,p.Ser177Val,0,4
urn:mavedb:00000081-a-1#46,NA,NA,p.Ser177Pro,0,4
urn:mavedb:00000081-a-1#47,NA,NA,p.Ser177Leu,0,3
urn:mavedb:00000081-a-1#48,NA,NA,p.Ser177Gly,0,4
urn:mavedb:00000081-a-1#49,NA,NA,p.Ser177Glu,0,4
urn:mavedb:00000081-a-1#50,NA,NA,p.Ser177Arg,0,4
urn:mavedb:00000081-a-1#51,NA,NA,p.Ser177Ala,1,4
urn:mavedb:00000081-a-1#52,NA,NA,p.Ser157Val,0,4
urn:mavedb:00000081-a-1#53,NA,NA,p.Ser157Tyr,0,4
urn:mavedb:00000081-a-1#54,NA,NA,p.Ser157Pro,0,4
urn:mavedb:00000081-a-1#55,NA,NA,p.Ser157Phe,0,3
urn:mavedb:00000081-a-1#56,NA,NA,p.Ser157Met,0,3
urn:mavedb:00000081-a-1#57,NA,NA,p.Ser157Leu,0,4
urn:mavedb:00000081-a-1#58,NA,NA,p.Ser157Ile,0,3
urn:mavedb:00000081-a-1#59,NA,NA,p.Ser157His,1,4
urn:mavedb:00000081-a-1#60,NA,NA,p.Ser157Gly,1,4
urn:mavedb:00000081-a-1#61,NA,NA,p.Ser157Arg,0,4
urn:mavedb:00000081-a-1#62,NA,NA,p.Ser157Ala,0,4
urn:mavedb:00000081-a-1#63,NA,NA,p.Ser153Leu,0,4
urn:mavedb:00000081-a-1#64,NA,NA,p.Ser153Gly,0,4
urn:mavedb:00000081-a-1#65,NA,NA,p.Ser153Gln,0,3
urn:mavedb:00000081-a-1#66,NA,NA,p.Ser153Arg,0,4
urn:mavedb:00000081-a-1#67,NA,NA,p.Ser153Ala,0,4
urn:mavedb:00000081-a-1#68,NA,NA,p.Ser151Val,0,4
urn:mavedb:00000081-a-1#69,NA,NA,p.Ser151Trp,0,4
urn:mavedb:00000081-a-1#70,NA,NA,p.Ser151Leu,0,4
urn:mavedb:00000081-a-1#71,NA,NA,p.Ser151Gly,0,4
urn:mavedb:00000081-a-1#72,NA,NA,p.Ser151Glu,0,4
urn:mavedb:00000081-a-1#73,NA,NA,p.Ser151Gln,0,3
urn:mavedb:00000081-a-1#74,NA,NA,p.Ser151Arg,0,4
urn:mavedb:00000081-a-1#75,NA,NA,p.Ser151Ala,0,3
urn:mavedb:00000081-a-1#76,NA,NA,p.Ser146Val,0,4
urn:mavedb:00000081-a-1#77,NA,NA,p.Ser146Trp,0,4
urn:mavedb:00000081-a-1#78,NA,NA,p.Ser146Pro,0,3
urn:mavedb:00000081-a-1#79,NA,NA,p.Ser146Leu,0,4
urn:mavedb:00000081-a-1#80,NA,NA,p.Ser146Gly,0,4
urn:mavedb:00000081-a-1#81,NA,NA,p.Ser146Arg,0,4
urn:mavedb:00000081-a-1#82,NA,NA,p.Ser146Ala,0,4
urn:mavedb:00000081-a-1#83,NA,NA,p.Ser140Val,0,4
urn:mavedb:00000081-a-1#84,NA,NA,p.Ser140Trp,1,4
urn:mavedb:00000081-a-1#85,NA,NA,p.Ser140Thr,0,4
urn:mavedb:00000081-a-1#86,NA,NA,p.Ser140Pro,1,4
urn:mavedb:00000081-a-1#87,NA,NA,p.Ser140Leu,0,3
urn:mavedb:00000081-a-1#88,NA,NA,p.Ser140Ile,1,4
urn:mavedb:00000081-a-1#89,NA,NA,p.Ser140His,0,4
urn:mavedb:00000081-a-1#90,NA,NA,p.Ser140Gly,0,4
urn:mavedb:00000081-a-1#91,NA,NA,p.Ser140Glu,1,4
urn:mavedb:00000081-a-1#92,NA,NA,p.Ser140Gln,0,3
urn:mavedb:00000081-a-1#93,NA,NA,p.Ser140Cys,0,4
urn:mavedb:00000081-a-1#94,NA,NA,p.Ser140Asp,0,4
urn:mavedb:00000081-a-1#95,NA,NA,p.Ser140Arg,0,4
urn:mavedb:00000081-a-1#96,NA,NA,p.Ser140Ala,0,4
urn:mavedb:00000081-a-1#97,NA,NA,p.Ser127Gly,0,4
urn:mavedb:00000081-a-1#98,NA,NA,p.Ser127Ala,0,4
urn:mavedb:00000081-a-1#99,NA,NA,p.Ser123Val,0,4
urn:mavedb:00000081-a-1#100,NA,NA,p.Ser123Pro,0,4
urn:mavedb:00000081-a-1#101,NA,NA,p.Ser123Leu,0,4
urn:mavedb:00000081-a-1#102,NA,NA,p.Ser123Gly,0,4
urn:mavedb:00000081-a-1#103,NA,NA,p.Ser123Arg,0,4
urn:mavedb:00000081-a-1#104,NA,NA,p.Ser123Ala,0,4
urn:mavedb:00000081-a-1#105,NA,NA,p.Ser114Gly,0,4
urn:mavedb:00000081-a-1#106,NA,NA,p.Ser114Arg,0,3
urn:mavedb:00000081-a-1#107,NA,NA,p.Ser114Ala,0,4
urn:mavedb:00000081-a-1#108,NA,NA,p.Ser104Val,0,4
urn:mavedb:00000081-a-1#109,NA,NA,p.Ser104Thr,0,4
urn:mavedb:00000081-a-1#110,NA,NA,p.Ser104Ter,4,4
urn:mavedb:00000081-a-1#111,NA,NA,p.Ser104Pro,0,4
urn:mavedb:00000081-a-1#112,NA,NA,p.Ser104Gly,0,4
urn:mavedb:00000081-a-1#113,NA,NA,p.Ser104Glu,0,3
urn:mavedb:00000081-a-1#114,NA,NA,p.Ser104Asp,0,3
urn:mavedb:00000081-a-1#115,NA,NA,p.Ser104Arg,0,4
urn:mavedb:00000081-a-1#116,NA,NA,p.Ser104Ala,0,4
urn:mavedb:00000081-a-1#117,NA,NA,p.Pro173Ser,0,4
urn:mavedb:00000081-a-1#118,NA,NA,p.Pro173Gly,0,4
urn:mavedb:00000081-a-1#119,NA,NA,p.Pro173Arg,0,4
urn:mavedb:00000081-a-1#120,NA,NA,p.Pro173Ala,0,3
urn:mavedb:00000081-a-1#121,NA,NA,p.Pro145Val,0,4
urn:mavedb:00000081-a-1#122,NA,NA,p.Pro145Phe,0,3
urn:mavedb:00000081-a-1#123,NA,NA,p.Pro145Met,0,4
urn:mavedb:00000081-a-1#124,NA,NA,p.Pro145Leu,0,4
urn:mavedb:00000081-a-1#125,NA,NA,p.Pro145Gly,0,4
urn:mavedb:00000081-a-1#126,NA,NA,p.Pro145Glu,0,4
urn:mavedb:00000081-a-1#127,NA,NA,p.Pro145Gln,0,4
urn:mavedb:00000081-a-1#128,NA,NA,p.Pro145Arg,2,4
urn:mavedb:00000081-a-1#129,NA,NA,p.Pro145Ala,0,4
urn:mavedb:00000081-a-1#130,NA,NA,p.Pro142Val,0,4
urn:mavedb:00000081-a-1#131,NA,NA,p.Pro142Thr,0,4
urn:mavedb:00000081-a-1#132,NA,NA,p.Pro142Lys,0,4
urn:mavedb:00000081-a-1#133,NA,NA,p.Pro142Ile,1,3
urn:mavedb:00000081-a-1#134,NA,NA,p.Pro142Gly,0,4
urn:mavedb:00000081-a-1#135,NA,NA,p.Pro142Glu,0,4
urn:mavedb:00000081-a-1#136,NA,NA,p.Pro142Asp,0,4
urn:mavedb:00000081-a-1#137,NA,NA,p.Pro142Arg,0,4
urn:mavedb:00000081-a-1#138,NA,NA,p.Pro142Ala,0,4
urn:mavedb:00000081-a-1#139,NA,NA,p.Pro115Leu,0,3
urn:mavedb:00000081-a-1#140,NA,NA,p.Pro115Gly,0,4
urn:mavedb:00000081-a-1#141,NA,NA,p.Pro115Gln,0,3
urn:mavedb:00000081-a-1#142,NA,NA,p.Pro115Cys,0,3
urn:mavedb:00000081-a-1#143,NA,NA,p.Pro115Arg,0,4
urn:mavedb:00000081-a-1#144,NA,NA,p.Pro115Ala,0,4
urn:mavedb:00000081-a-1#145,NA,NA,p.Phe107Val,0,4
urn:mavedb:00000081-a-1#146,NA,NA,p.Phe107Ser,1,3
urn:mavedb:00000081-a-1#147,NA,NA,p.Phe107Pro,0,3
urn:mavedb:00000081-a-1#148,NA,NA,p.Phe107Leu,0,4
urn:mavedb:00000081-a-1#149,NA,NA,p.Phe107Gly,0,4
urn:mavedb:00000081-a-1#150,NA,NA,p.Phe107Glu,0,4
urn:mavedb:00000081-a-1#151,NA,NA,p.Phe107Ala,0,4
urn:mavedb:00000081-a-1#152,NA,NA,p.Met128Val,0,4
urn:mavedb:00000081-a-1#153,NA,NA,p.Met128Thr,0,4
urn:mavedb:00000081-a-1#154,NA,NA,p.Met128Ser,0,3
urn:mavedb:00000081-a-1#155,NA,NA,p.Met128Pro,0,4
urn:mavedb:00000081-a-1#156,NA,NA,p.Met128Lys,0,4
urn:mavedb:00000081-a-1#157,NA,NA,p.Met128Leu,0,4
urn:mavedb:00000081-a-1#158,NA,NA,p.Met128Gly,0,4
urn:mavedb:00000081-a-1#159,NA,NA,p.Met128Glu,2,4
urn:mavedb:00000081-a-1#160,NA,NA,p.Met128Arg,1,4
urn:mavedb:00000081-a-1#161,NA,NA,p.Met128Ala,1,4
urn:mavedb:00000081-a-1#162,NA,NA,p.Lys175Val,0,4
urn:mavedb:00000081-a-1#163,NA,NA,p.Lys175Thr,0,4
urn:mavedb:00000081-a-1#164,NA,NA,p.Lys175Ser,0,4
urn:mavedb:00000081-a-1#165,NA,NA,p.Lys175Pro,0,4
urn:mavedb:00000081-a-1#166,NA,NA,p.Lys175Met,0,3
urn:mavedb:00000081-a-1#167,NA,NA,p.Lys175Leu,0,4
urn:mavedb:00000081-a-1#168,NA,NA,p.Lys175Gly,0,4
urn:mavedb:00000081-a-1#169,NA,NA,p.Lys175Glu,0,4
urn:mavedb:00000081-a-1#170,NA,NA,p.Lys175Asp,0,3
urn:mavedb:00000081-a-1#171,NA,NA,p.Lys175Arg,0,4
urn:mavedb:00000081-a-1#172,NA,NA,p.Lys175Ala,0,4
urn:mavedb:00000081-a-1#173,NA,NA,p.Lys168Val,0,4
urn:mavedb:00000081-a-1#174,NA,NA,p.Lys168Trp,0,3
urn:mavedb:00000081-a-1#175,NA,NA,p.Lys168Thr,0,4
urn:mavedb:00000081-a-1#176,NA,NA,p.Lys168Ser,0,4
urn:mavedb:00000081-a-1#177,NA,NA,p.Lys168Pro,0,4
urn:mavedb:00000081-a-1#178,NA,NA,p.Lys168Leu,0,4
urn:mavedb:00000081-a-1#179,NA,NA,p.Lys168Ile,0,4
urn:mavedb:00000081-a-1#180,NA,NA,p.Lys168Gly,0,4
urn:mavedb:00000081-a-1#181,NA,NA,p.Lys168Glu,0,4
urn:mavedb:00000081-a-1#182,NA,NA,p.Lys168Gln,0,3
urn:mavedb:00000081-a-1#183,NA,NA,p.Lys168Cys,0,4
urn:mavedb:00000081-a-1#184,NA,NA,p.Lys168Asp,0,3
urn:mavedb:00000081-a-1#185,NA,NA,p.Lys168Arg,0,4
urn:mavedb:00000081-a-1#186,NA,NA,p.Lys168Ala,0,4
urn:mavedb:00000081-a-1#187,NA,NA,p.Lys135Val,0,4
urn:mavedb:00000081-a-1#188,NA,NA,p.Lys135Tyr,0,4
urn:mavedb:00000081-a-1#189,NA,NA,p.Lys135Thr,0,4
urn:mavedb:00000081-a-1#190,NA,NA,p.Lys135Ser,0,4
urn:mavedb:00000081-a-1#191,NA,NA,p.Lys135Pro,0,4
urn:mavedb:00000081-a-1#192,NA,NA,p.Lys135Phe,0,4
urn:mavedb:00000081-a-1#193,NA,NA,p.Lys135Met,0,3
urn:mavedb:00000081-a-1#194,NA,NA,p.Lys135Leu,0,4
urn:mavedb:00000081-a-1#195,NA,NA,p.Lys135Ile,1,4
urn:mavedb:00000081-a-1#196,NA,NA,p.Lys135His,0,4
urn:mavedb:00000081-a-1#197,NA,NA,p.Lys135Gly,0,4
urn:mavedb:00000081-a-1#198,NA,NA,p.Lys135Glu,0,4
urn:mavedb:00000081-a-1#199,NA,NA,p.Lys135Gln,0,4
urn:mavedb:00000081-a-1#200,NA,NA,p.Lys135Cys,0,4
urn:mavedb:00000081-a-1#201,NA,NA,p.Lys135Asp,0,4
urn:mavedb:00000081-a-1#202,NA,NA,p.Lys135Asn,0,4
urn:mavedb:00000081-a-1#203,NA,NA,p.Lys135Arg,0,4
urn:mavedb:00000081-a-1#204,NA,NA,p.Lys135Ala,0,4
urn:mavedb:00000081-a-1#205,NA,NA,p.Lys110Val,1,4
urn:mavedb:00000081-a-1#206,NA,NA,p.Lys110Ser,0,4
urn:mavedb:00000081-a-1#207,NA,NA,p.Lys110Leu,0,3
urn:mavedb:00000081-a-1#208,NA,NA,p.Lys110Gly,0,4
urn:mavedb:00000081-a-1#209,NA,NA,p.Lys110Glu,0,4
urn:mavedb:00000081-a-1#210,NA,NA,p.Lys110Arg,1,4
urn:mavedb:00000081-a-1#211,NA,NA,p.Lys110Ala,0,4
urn:mavedb:00000081-a-1#212,NA,NA,p.Leu99Val,0,4
urn:mavedb:00000081-a-1#213,NA,NA,p.Leu99Tyr,0,3
urn:mavedb:00000081-a-1#214,NA,NA,p.Leu99Ser,1,4
urn:mavedb:00000081-a-1#215,NA,NA,p.Leu99Gly,2,4
urn:mavedb:00000081-a-1#216,NA,NA,p.Leu99Asp,0,4
urn:mavedb:00000081-a-1#217,NA,NA,p.Gln155Asn,0,3
urn:mavedb:00000081-a-1#218,NA,NA,p.Gln155Arg,0,4
urn:mavedb:00000081-a-1#219,NA,NA,p.Gln155Ala,0,4
urn:mavedb:00000081-a-1#220,NA,NA,p.Gln148Val,0,4
urn:mavedb:00000081-a-1#221,NA,NA,p.Gln148Thr,0,3
urn:mavedb:00000081-a-1#222,NA,NA,p.Gln148Ser,0,4
urn:mavedb:00000081-a-1#223,NA,NA,p.Gln148Pro,0,4
urn:mavedb:00000081-a-1#224,NA,NA,p.Gln148Lys,0,3
urn:mavedb:00000081-a-1#225,NA,NA,p.Gln148Leu,0,4
urn:mavedb:00000081-a-1#226,NA,NA,p.Gln148Gly,0,4
urn:mavedb:00000081-a-1#227,NA,NA,p.Gln148Glu,0,4
urn:mavedb:00000081-a-1#228,NA,NA,p.Gln148Cys,0,4
urn:mavedb:00000081-a-1#229,NA,NA,p.Gln148Arg,0,4
urn:mavedb:00000081-a-1#230,NA,NA,p.Gln148Ala,0,4
urn:mavedb:00000081-a-1#231,NA,NA,p.Gln139Val,0,4
urn:mavedb:00000081-a-1#232,NA,NA,p.Gln139Trp,0,3
urn:mavedb:00000081-a-1#233,NA,NA,p.Gln139Ser,1,4
urn:mavedb:00000081-a-1#234,NA,NA,p.Gln139Phe,0,3
urn:mavedb:00000081-a-1#235,NA,NA,p.Gln139Leu,0,4
urn:mavedb:00000081-a-1#236,NA,NA,p.Gln139Gly,1,4
urn:mavedb:00000081-a-1#237,NA,NA,p.Gln139Asp,0,3
urn:mavedb:00000081-a-1#238,NA,NA,p.Gln139Arg,0,4
urn:mavedb:00000081-a-1#239,NA,NA,p.Gln139Ala,0,4
urn:mavedb:00000081-a-1#240,NA,NA,p.Gln126Ser,0,3
urn:mavedb:00000081-a-1#241,NA,NA,p.Gln126Lys,0,3
urn:mavedb:00000081-a-1#242,NA,NA,p.Gln126Ile,0,3
urn:mavedb:00000081-a-1#243,NA,NA,p.Gln126Gly,0,4
urn:mavedb:00000081-a-1#244,NA,NA,p.Gln126Glu,0,3
urn:mavedb:00000081-a-1#245,NA,NA,p.Gln126Arg,0,4
urn:mavedb:00000081-a-1#246,NA,NA,p.Gln126Ala,1,4
urn:mavedb:00000081-a-1#247,NA,NA,p.Asp189Val,0,4
urn:mavedb:00000081-a-1#248,NA,NA,p.Asp189Ser,0,3
urn:mavedb:00000081-a-1#249,NA,NA,p.Asp189Pro,0,4
urn:mavedb:00000081-a-1#250,NA,NA,p.Asp189Met,0,3
urn:mavedb:00000081-a-1#251,NA,NA,p.Asp189Leu,0,4
urn:mavedb:00000081-a-1#252,NA,NA,p.Asp189Gly,0,4
urn:mavedb:00000081-a-1#253,NA,NA,p.Asp189Asn,0,3
urn:mavedb:00000081-a-1#254,NA,NA,p.Asp189Arg,0,4
urn:mavedb:00000081-a-1#255,NA,NA,p.Asp189Ala,0,4
urn:mavedb:00000081-a-1#256,NA,NA,p.Asp185Val,0,4
urn:mavedb:00000081-a-1#257,NA,NA,p.Asp185Trp,0,4
urn:mavedb:00000081-a-1#258,NA,NA,p.Asp185Thr,0,4
urn:mavedb:00000081-a-1#259,NA,NA,p.Asp185Ser,0,4
urn:mavedb:00000081-a-1#260,NA,NA,p.Asp185Pro,0,4
urn:mavedb:00000081-a-1#261,NA,NA,p.Asp185Lys,0,4
urn:mavedb:00000081-a-1#262,NA,NA,p.Asp185Leu,0,4
urn:mavedb:00000081-a-1#263,NA,NA,p.Asp185Gly,0,4
urn:mavedb:00000081-a-1#264,NA,NA,p.Asp185Glu,0,4
urn:mavedb:00000081-a-1#265,NA,NA,p.Asp185Arg,0,4
urn:mavedb:00000081-a-1#266,NA,NA,p.Asp185Ala,1,4
urn:mavedb:00000081-a-1#267,NA,NA,p.Asp120Val,0,4
urn:mavedb:00000081-a-1#268,NA,NA,p.Asp120Thr,0,4
urn:mavedb:00000081-a-1#269,NA,NA,p.Asp120Ser,0,4
urn:mavedb:00000081-a-1#270,NA,NA,p.Asp120Pro,0,3
urn:mavedb:00000081-a-1#271,NA,NA,p.Asp120Met,0,4
urn:mavedb:00000081-a-1#272,NA,NA,p.Asp120Leu,0,4
urn:mavedb:00000081-a-1#273,NA,NA,p.Asp120Gly,0,4
urn:mavedb:00000081-a-1#274,NA,NA,p.Asp120Glu,0,4
urn:mavedb:00000081-a-1#275,NA,NA,p.Asp120Asn,0,4
urn:mavedb:00000081-a-1#276,NA,NA,p.Asp120Arg,0,4
urn:mavedb:00000081-a-1#277,NA,NA,p.Asp120Ala,0,4
urn:mavedb:00000081-a-1#278,NA,NA,p.Asn158Val,0,3
urn:mavedb:00000081-a-1#279,NA,NA,p.Asn158Trp,0,3
urn:mavedb:00000081-a-1#280,NA,NA,p.Asn158Ser,0,4
urn:mavedb:00000081-a-1#281,NA,NA,p.Asn158Pro,0,3
urn:mavedb:00000081-a-1#282,NA,NA,p.Asn158Leu,0,4
urn:mavedb:00000081-a-1#283,NA,NA,p.Asn158Gly,0,4
urn:mavedb:00000081-a-1#284,NA,NA,p.Asn158Cys,0,3
urn:mavedb:00000081-a-1#285,NA,NA,p.Asn158Arg,1,4
urn:mavedb:00000081-a-1#286,NA,NA,p.Asn158Ala,0,3
urn:mavedb:00000081-a-1#287,NA,NA,p.Asn144Val,0,4
urn:mavedb:00000081-a-1#288,NA,NA,p.Asn144Ser,1,4
urn:mavedb:00000081-a-1#289,NA,NA,p.Asn144Gly,0,4
urn:mavedb:00000081-a-1#290,NA,NA,p.Asn144Glu,0,4
urn:mavedb:00000081-a-1#291,NA,NA,p.Asn144Arg,0,4
urn:mavedb:00000081-a-1#292,NA,NA,p.Asn144Ala,0,4
urn:mavedb:00000081-a-1#293,NA,NA,p.Asn132Thr,1,4
urn:mavedb:00000081-a-1#294,NA,NA,p.Asn132Gly,0,4
urn:mavedb:00000081-a-1#295,NA,NA,p.Asn132Glu,0,4
urn:mavedb:00000081-a-1#296,NA,NA,p.Asn132Arg,0,4
urn:mavedb:00000081-a-1#297,NA,NA,p.Asn113Ser,0,4
urn:mavedb:00000081-a-1#298,NA,NA,p.Asn113Leu,1,4
urn:mavedb:00000081-a-1#299,NA,NA,p.Asn113Gly,0,4
urn:mavedb:00000081-a-1#300,NA,NA,p.Asn113Arg,1,4
urn:mavedb:00000081-a-1#301,NA,NA,p.Asn113Ala,1,4
urn:mavedb:00000081-a-1#302,NA,NA,p.Asn112Gly,0,4
urn:mavedb:00000081-a-1#303,NA,NA,p.Asn106Val,0,4
urn:mavedb:00000081-a-1#304,NA,NA,p.Asn106Thr,0,4
urn:mavedb:00000081-a-1#305,NA,NA,p.Asn106Ser,0,4
urn:mavedb:00000081-a-1#306,NA,NA,p.Asn106Pro,0,4
urn:mavedb:00000081-a-1#307,NA,NA,p.Asn106Phe,0,4
urn:mavedb:00000081-a-1#308,NA,NA,p.Asn106Leu,0,4
urn:mavedb:00000081-a-1#309,NA,NA,p.Asn106Gly,0,4
urn:mavedb:00000081-a-1#310,NA,NA,p.Asn106Arg,0,4
urn:mavedb:00000081-a-1#311,NA,NA,p.Asn106Ala,0,3
urn:mavedb:00000081-a-1#312,NA,NA,p.Asn103Val,0,4
urn:mavedb:00000081-a-1#313,NA,NA,p.Asn103Thr,0,4
urn:mavedb:00000081-a-1#314,NA,NA,p.Asn103Ser,0,4
urn:mavedb:00000081-a-1#315,NA,NA,p.Asn103Pro,0,4
urn:mavedb:00000081-a-1#316,NA,NA,p.Asn103Gly,0,4
urn:mavedb:00000081-a-1#317,NA,NA,p.Asn103Glu,0,3
urn:mavedb:00000081-a-1#318,NA,NA,p.Asn103Arg,0,4
urn:mavedb:00000081-a-1#319,NA,NA,p.Asn103Ala,0,3
urn:mavedb:00000081-a-1#320,NA,NA,p.Arg170Val,0,4
urn:mavedb:00000081-a-1#321,NA,NA,p.Arg170Thr,0,3
urn:mavedb:00000081-a-1#322,NA,NA,p.Arg170Ser,0,4
urn:mavedb:00000081-a-1#323,NA,NA,p.Arg170Pro,0,3
urn:mavedb:00000081-a-1#324,NA,NA,p.Arg170Leu,0,4
urn:mavedb:00000081-a-1#325,NA,NA,p.Arg170His,0,4
urn:mavedb:00000081-a-1#326,NA,NA,p.Arg170Gly,0,4
urn:mavedb:00000081-a-1#327,NA,NA,p.Arg170Glu,0,4
urn:mavedb:00000081-a-1#328,NA,NA,p.Arg170Gln,0,3
urn:mavedb:00000081-a-1#329,NA,NA,p.Arg170Cys,0,4
urn:mavedb:00000081-a-1#330,NA,NA,p.Arg170Asp,0,4
urn:mavedb:00000081-a-1#331,NA,NA,p.Arg170Ala,0,4
urn:mavedb:00000081-a-1#332,NA,NA,p.Arg166Val,0,4
urn:mavedb:00000081-a-1#333,NA,NA,p.Arg166Thr,0,4
urn:mavedb:00000081-a-1#334,NA,NA,p.Arg166Ser,0,4
urn:mavedb:00000081-a-1#335,NA,NA,p.Arg166Pro,0,4
urn:mavedb:00000081-a-1#336,NA,NA,p.Arg166Leu,0,4
urn:mavedb:00000081-a-1#337,NA,NA,p.Arg166Gly,0,4
urn:mavedb:00000081-a-1#338,NA,NA,p.Arg166Glu,0,3
urn:mavedb:00000081-a-1#339,NA,NA,p.Arg166Gln,0,3
urn:mavedb:00000081-a-1#340,NA,NA,p.Arg166Asp,0,4
urn:mavedb:00000081-a-1#341,NA,NA,p.Arg166Ala,0,4
urn:mavedb:00000081-a-1#342,NA,NA,p.Arg163Val,0,4
urn:mavedb:00000081-a-1#343,NA,NA,p.Arg163Thr,0,4
urn:mavedb:00000081-a-1#344,NA,NA,p.Arg163Ser,0,4
urn:mavedb:00000081-a-1#345,NA,NA,p.Arg163Leu,0,3
urn:mavedb:00000081-a-1#346,NA,NA,p.Arg163Ile,0,4
urn:mavedb:00000081-a-1#347,NA,NA,p.Arg163Gly,0,4
urn:mavedb:00000081-a-1#348,NA,NA,p.Arg163Glu,1,4
urn:mavedb:00000081-a-1#349,NA,NA,p.Arg163Ala,0,4
urn:mavedb:00000081-a-1#350,NA,NA,p.Arg136Gly,0,4
urn:mavedb:00000081-a-1#351,NA,NA,p.Arg133Val,0,4
urn:mavedb:00000081-a-1#352,NA,NA,p.Arg133Ser,0,3
urn:mavedb:00000081-a-1#353,NA,NA,p.Arg133Pro,0,4
urn:mavedb:00000081-a-1#354,NA,NA,p.Arg133Leu,0,4
urn:mavedb:00000081-a-1#355,NA,NA,p.Arg133His,0,3
urn:mavedb:00000081-a-1#356,NA,NA,p.Arg133Gly,0,4
urn:mavedb:00000081-a-1#357,NA,NA,p.Arg133Glu,0,4
urn:mavedb:00000081-a-1#358,NA,NA,p.Arg133Gln,0,4
urn:mavedb:00000081-a-1#359,NA,NA,p.Arg133Ala,0,4
urn:mavedb:00000081-a-1#360,NA,NA,p.Arg131Val,0,4
urn:mavedb:00000081-a-1#361,NA,NA,p.Arg131Trp,0,3
urn:mavedb:00000081-a-1#362,NA,NA,p.Arg131Thr,0,4
urn:mavedb:00000081-a-1#363,NA,NA,p.Arg131Ser,0,3
urn:mavedb:00000081-a-1#364,NA,NA,p.Arg131Pro,0,4
urn:mavedb:00000081-a-1#365,NA,NA,p.Arg131Leu,0,4
urn:mavedb:00000081-a-1#366,NA,NA,p.Arg131Gly,0,4
urn:mavedb:00000081-a-1#367,NA,NA,p.Arg131Asp,0,4
urn:mavedb:00000081-a-1#368,NA,NA,p.Arg131Asn,0,3
urn:mavedb:00000081-a-1#369,NA,NA,p.Arg131Ala,0,4
urn:mavedb:00000081-a-1#370,NA,NA,p.Ala134Val,0,4
urn:mavedb:00000081-a-1#371,NA,NA,p.Ala134Thr,1,4
urn:mavedb:00000081-a-1#372,NA,NA,p.Ala134Lys,0,3
urn:mavedb:00000081-a-1#373,NA,NA,p.Ala134Gly,0,4
urn:mavedb:00000081-a-1#374,NA,NA,p.Ala134Glu,0,4
urn:mavedb:00000081-a-1#375,NA,NA,p.Ala134Arg,0,4
urn:mavedb:00000081-a-1#376,NA,NA,p.Ala108Val,0,4
urn:mavedb:00000081-a-1#377,NA,NA,p.Ala108Ser,0,4
urn:mavedb:00000081-a-1#378,NA,NA,p.Ala108Leu,0,4
urn:mavedb:00000081-a-1#379,NA,NA,p.Ala108Gly,0,4
urn:mavedb:00000081-a-1#380,NA,NA,p.Ala108Glu,0,4
urn:mavedb:00000081-a-1#381,NA,NA,p.Ala108Gln,0,4
urn:mavedb:00000081-a-1#382,NA,NA,p.Ala108Cys,0,3
urn:mavedb:00000081-a-1#383,NA,NA,p.Ala108Arg,0,4
urn:mavedb:00000081-a-1#384,NA,NA,p.Ala102Val,0,4
urn:mavedb:00000081-a-1#385,NA,NA,p.Ala102Thr,0,4
urn:mavedb:00000081-a-1#386,NA,NA,p.Ala102Ser,0,4
urn:mavedb:00000081-a-1#387,NA,NA,p.Ala102Pro,0,3
urn:mavedb:00000081-a-1#388,NA,NA,p.Ala102Lys,0,4
urn:mavedb:00000081-a-1#389,NA,NA,p.Ala102Leu,0,4
urn:mavedb:00000081-a-1#390,NA,NA,p.Ala102Gly,0,4
urn:mavedb:00000081-a-1#391,NA,NA,p.Ala102Glu,0,4
urn:mavedb:00000081-a-1#392,NA,NA,p.Ala102Gln,0,4
urn:mavedb:00000081-a-1#393,NA,NA,p.Ala102Asp,0,4
urn:mavedb:00000081-a-1#394,NA,NA,p.Ala102Arg,0,4
urn:mavedb:00000081-a-1#395,NA,NA,p.Val8Gly,0,4
urn:mavedb:00000081-a-1#396,NA,NA,p.Val8Arg,0,4
urn:mavedb:00000081-a-1#397,NA,NA,p.Val83Gly,0,4
urn:mavedb:00000081-a-1#398,NA,NA,p.Val35Gly,3,3
urn:mavedb:00000081-a-1#399,NA,NA,p.Val35Glu,2,3
urn:mavedb:00000081-a-1#400,NA,NA,p.Val14Met,3,4
urn:mavedb:00000081-a-1#401,NA,NA,p.Val14Gly,0,4
urn:mavedb:00000081-a-1#402,NA,NA,p.Val14Arg,2,4
urn:mavedb:00000081-a-1#403,NA,NA,p.Val14Ala,1,4
urn:mavedb:00000081-a-1#404,NA,NA,p.Val11Thr,0,4
urn:mavedb:00000081-a-1#405,NA,NA,p.Val11Gly,4,4
urn:mavedb:00000081-a-1#406,NA,NA,p.Val11Glu,4,4
urn:mavedb:00000081-a-1#407,NA,NA,p.Val191Trp,0,4
urn:mavedb:00000081-a-1#408,NA,NA,p.Val191Ser,0,4
urn:mavedb:00000081-a-1#409,NA,NA,p.Val191Met,0,3
urn:mavedb:00000081-a-1#410,NA,NA,p.Val191Leu,0,3
urn:mavedb:00000081-a-1#411,NA,NA,p.Val191Gly,0,4
urn:mavedb:00000081-a-1#412,NA,NA,p.Val191Glu,0,4
urn:mavedb:00000081-a-1#413,NA,NA,p.Val191Gln,0,4
urn:mavedb:00000081-a-1#414,NA,NA,p.Val191Asp,0,4
urn:mavedb:00000081-a-1#415,NA,NA,p.Val191Arg,0,4
urn:mavedb:00000081-a-1#416,NA,NA,p.Val191Ala,0,4
urn:mavedb:00000081-a-1#417,NA,NA,p.Val178Thr,0,3
urn:mavedb:00000081-a-1#418,NA,NA,p.Val178Ter,4,3
urn:mavedb:00000081-a-1#419,NA,NA,p.Val178Ser,0,4
urn:mavedb:00000081-a-1#420,NA,NA,p.Val178Pro,0,4
urn:mavedb:00000081-a-1#421,NA,NA,p.Val178Phe,0,4
urn:mavedb:00000081-a-1#422,NA,NA,p.Val178Met,0,4
urn:mavedb:00000081-a-1#423,NA,NA,p.Val178Leu,0,4
urn:mavedb:00000081-a-1#424,NA,NA,p.Val178His,0,3
urn:mavedb:00000081-a-1#425,NA,NA,p.Val178Gly,0,4
urn:mavedb:00000081-a-1#426,NA,NA,p.Val178Glu,0,4
urn:mavedb:00000081-a-1#427,NA,NA,p.Val178Arg,0,4
urn:mavedb:00000081-a-1#428,NA,NA,p.Val178Ala,0,4
urn:mavedb:00000081-a-1#429,NA,NA,p.Val162Tyr,0,3
urn:mavedb:00000081-a-1#430,NA,NA,p.Val162Thr,1,4
urn:mavedb:00000081-a-1#431,NA,NA,p.Val162Ser,0,4
urn:mavedb:00000081-a-1#432,NA,NA,p.Val162Pro,0,4
urn:mavedb:00000081-a-1#433,NA,NA,p.Val162Phe,1,4
urn:mavedb:00000081-a-1#434,NA,NA,p.Val162Met,1,4
urn:mavedb:00000081-a-1#435,NA,NA,p.Val162Lys,0,4
urn:mavedb:00000081-a-1#436,NA,NA,p.Val162Leu,0,4
urn:mavedb:00000081-a-1#437,NA,NA,p.Val162Ile,0,4
urn:mavedb:00000081-a-1#438,NA,NA,p.Val162His,0,4
urn:mavedb:00000081-a-1#439,NA,NA,p.Val162Gly,0,4
urn:mavedb:00000081-a-1#440,NA,NA,p.Val162Glu,1,4
urn:mavedb:00000081-a-1#441,NA,NA,p.Val162Gln,0,4
urn:mavedb:00000081-a-1#442,NA,NA,p.Val162Asp,1,4
urn:mavedb:00000081-a-1#443,NA,NA,p.Val162Asn,0,4
urn:mavedb:00000081-a-1#444,NA,NA,p.Val162Arg,0,4
urn:mavedb:00000081-a-1#445,NA,NA,p.Val162Ala,0,4
urn:mavedb:00000081-a-1#446,NA,NA,p.Val154Thr,0,4
urn:mavedb:00000081-a-1#447,NA,NA,p.Val154Ser,0,4
urn:mavedb:00000081-a-1#448,NA,NA,p.Val154Pro,0,3
urn:mavedb:00000081-a-1#449,NA,NA,p.Val154Lys,0,4
urn:mavedb:00000081-a-1#450,NA,NA,p.Val154Gly,0,4
urn:mavedb:00000081-a-1#451,NA,NA,p.Val154Glu,0,4
urn:mavedb:00000081-a-1#452,NA,NA,p.Val154Cys,0,3
urn:mavedb:00000081-a-1#453,NA,NA,p.Val154Arg,0,4
urn:mavedb:00000081-a-1#454,NA,NA,p.Val154Ala,0,4
urn:mavedb:00000081-a-1#455,NA,NA,p.Val122Thr,0,4
urn:mavedb:00000081-a-1#456,NA,NA,p.Val122Ser,0,4
urn:mavedb:00000081-a-1#457,NA,NA,p.Val122Pro,0,3
urn:mavedb:00000081-a-1#458,NA,NA,p.Val122Gly,0,4
urn:mavedb:00000081-a-1#459,NA,NA,p.Val122Glu,0,4
urn:mavedb:00000081-a-1#460,NA,NA,p.Val122Arg,0,4
urn:mavedb:00000081-a-1#461,NA,NA,p.Tyr179Val,0,4
urn:mavedb:00000081-a-1#462,NA,NA,p.Tyr179Thr,0,4
urn:mavedb:00000081-a-1#463,NA,NA,p.Tyr179Ser,0,4
urn:mavedb:00000081-a-1#464,NA,NA,p.Tyr179Pro,0,4
urn:mavedb:00000081-a-1#465,NA,NA,p.Tyr179Phe,0,4
urn:mavedb:00000081-a-1#466,NA,NA,p.Tyr179Met,0,3
urn:mavedb:00000081-a-1#467,NA,NA,p.Tyr179Leu,0,4
urn:mavedb:00000081-a-1#468,NA,NA,p.Tyr179Gly,1,4
urn:mavedb:00000081-a-1#469,NA,NA,p.Tyr179Glu,0,4
urn:mavedb:00000081-a-1#470,NA,NA,p.Tyr179Gln,0,4
urn:mavedb:00000081-a-1#471,NA,NA,p.Tyr179Cys,1,4
urn:mavedb:00000081-a-1#472,NA,NA,p.Tyr179Asp,0,4
urn:mavedb:00000081-a-1#473,NA,NA,p.Tyr179Asn,0,3
urn:mavedb:00000081-a-1#474,NA,NA,p.Tyr179Arg,0,4
urn:mavedb:00000081-a-1#475,NA,NA,p.Tyr179Ala,0,4
urn:mavedb:00000081-a-1#476,NA,NA,p.Tyr130Val,0,4
urn:mavedb:00000081-a-1#477,NA,NA,p.Tyr130Thr,0,4
urn:mavedb:00000081-a-1#478,NA,NA,p.Tyr130Ser,0,4
urn:mavedb:00000081-a-1#479,NA,NA,p.Tyr130Pro,0,4
urn:mavedb:00000081-a-1#480,NA,NA,p.Tyr130Met,0,3
urn:mavedb:00000081-a-1#481,NA,NA,p.Tyr130Lys,0,3
urn:mavedb:00000081-a-1#482,NA,NA,p.Tyr130Leu,0,4
urn:mavedb:00000081-a-1#483,NA,NA,p.Tyr130Gly,1,4
urn:mavedb:00000081-a-1#484,NA,NA,p.Tyr130Glu,0,3
urn:mavedb:00000081-a-1#485,NA,NA,p.Tyr130Cys,0,4
urn:mavedb:00000081-a-1#486,NA,NA,p.Tyr130Arg,0,4
urn:mavedb:00000081-a-1#487,NA,NA,p.Tyr130Ala,0,4
urn:mavedb:00000081-a-1#488,NA,NA,p.Tyr105Val,0,4
urn:mavedb:00000081-a-1#489,NA,NA,p.Tyr105Thr,0,3
urn:mavedb:00000081-a-1#490,NA,NA,p.Tyr105Ser,0,4
urn:mavedb:00000081-a-1#491,NA,NA,p.Tyr105Pro,0,4
urn:mavedb:00000081-a-1#492,NA,NA,p.Tyr105Phe,0,4
urn:mavedb:00000081-a-1#493,NA,NA,p.Tyr105Leu,0,4
urn:mavedb:00000081-a-1#494,NA,NA,p.Tyr105Gly,1,4
urn:mavedb:00000081-a-1#495,NA,NA,p.Tyr105Cys,0,3
urn:mavedb:00000081-a-1#496,NA,NA,p.Tyr105Arg,0,4
urn:mavedb:00000081-a-1#497,NA,NA,p.Tyr105Ala,0,4
urn:mavedb:00000081-a-1#498,NA,NA,p.Tyr101Gly,0,4
urn:mavedb:00000081-a-1#499,NA,NA,p.Tyr101Glu,0,3
urn:mavedb:00000081-a-1#500,NA,NA,p.Tyr101Gln,0,4
urn:mavedb:00000081-a-1#501,NA,NA,p.Tyr101Arg,0,4
urn:mavedb:00000081-a-1#502,NA,NA,p.Tyr101Ala,0,4
urn:mavedb:00000081-a-1#503,NA,NA,p.Thr97Val,0,4
urn:mavedb:00000081-a-1#504,NA,NA,p.Thr97Pro,4,4
urn:mavedb:00000081-a-1#505,NA,NA,p.Thr97Lys,1,3
urn:mavedb:00000081-a-1#506,NA,NA,p.Thr97Leu,0,4
urn:mavedb:00000081-a-1#507,NA,NA,p.Thr97His,3,3
urn:mavedb:00000081-a-1#508,NA,NA,p.Thr97Gly,4,4
urn:mavedb:00000081-a-1#509,NA,NA,p.Thr97Glu,4,4
urn:mavedb:00000081-a-1#510,NA,NA,p.Thr97Gln,2,4
urn:mavedb:00000081-a-1#511,NA,NA,p.Thr97Asn,3,4
urn:mavedb:00000081-a-1#512,NA,NA,p.Thr97Arg,1,4
urn:mavedb:00000081-a-1#513,NA,NA,p.Thr97Ala,2,4
urn:mavedb:00000081-a-1#514,NA,NA,p.Thr190Gly,0,4
urn:mavedb:00000081-a-1#515,NA,NA,p.Thr190Glu,0,3
urn:mavedb:00000081-a-1#516,NA,NA,p.Thr190Asp,0,3
urn:mavedb:00000081-a-1#517,NA,NA,p.Thr190Arg,0,4
urn:mavedb:00000081-a-1#518,NA,NA,p.Thr190Ala,0,4
urn:mavedb:00000081-a-1#519,NA,NA,p.Thr176Val,0,4
urn:mavedb:00000081-a-1#520,NA,NA,p.Thr176Ser,0,4
urn:mavedb:00000081-a-1#521,NA,NA,p.Thr176Pro,0,4
urn:mavedb:00000081-a-1#522,NA,NA,p.Thr176Lys,2,3
urn:mavedb:00000081-a-1#523,NA,NA,p.Thr176Leu,0,4
urn:mavedb:00000081-a-1#524,NA,NA,p.Thr176Gly,0,4
urn:mavedb:00000081-a-1#525,NA,NA,p.Thr176Glu,0,4
urn:mavedb:00000081-a-1#526,NA,NA,p.Thr176Gln,0,4
urn:mavedb:00000081-a-1#527,NA,NA,p.Thr176Cys,0,4
urn:mavedb:00000081-a-1#528,NA,NA,p.Thr176Asp,0,4
urn:mavedb:00000081-a-1#529,NA,NA,p.Thr176Arg,0,4
urn:mavedb:00000081-a-1#530,NA,NA,p.Thr176Ala,0,4
urn:mavedb:00000081-a-1#531,NA,NA,p.Thr167Val,0,4
urn:mavedb:00000081-a-1#532,NA,NA,p.Thr167Trp,0,4
urn:mavedb:00000081-a-1#533,NA,NA,p.Thr167Ser,0,4
urn:mavedb:00000081-a-1#534,NA,NA,p.Thr167Pro,0,4
urn:mavedb:00000081-a-1#535,NA,NA,p.Thr167Phe,0,4
urn:mavedb:00000081-a-1#536,NA,NA,p.Thr167Lys,0,3
urn:mavedb:00000081-a-1#537,NA,NA,p.Thr167Leu,0,4
urn:mavedb:00000081-a-1#538,NA,NA,p.Thr167Ile,0,3
urn:mavedb:00000081-a-1#539,NA,NA,p.Thr167His,1,4
urn:mavedb:00000081-a-1#540,NA,NA,p.Thr167Gly,0,4
urn:mavedb:00000081-a-1#541,NA,NA,p.Thr167Glu,0,4
urn:mavedb:00000081-a-1#542,NA,NA,p.Thr167Gln,0,4
urn:mavedb:00000081-a-1#543,NA,NA,p.Val11Arg,4,4
urn:mavedb:00000081-a-1#544,NA,NA,p.Val11Ala,0,4
urn:mavedb:00000081-a-1#545,NA,NA,p.Thr77Val,0,4
urn:mavedb:00000081-a-1#546,NA,NA,p.Thr77Met,0,4
urn:mavedb:00000081-a-1#547,NA,NA,p.Thr77Gly,0,4
urn:mavedb:00000081-a-1#548,NA,NA,p.Thr77Arg,0,4
urn:mavedb:00000081-a-1#549,NA,NA,p.Thr77Ala,0,4
urn:mavedb:00000081-a-1#550,NA,NA,p.Thr69Gly,0,4
urn:mavedb:00000081-a-1#551,NA,NA,p.Thr37Val,0,4
urn:mavedb:00000081-a-1#552,NA,NA,p.Thr37Gly,0,4
urn:mavedb:00000081-a-1#553,NA,NA,p.Thr37Arg,3,3
urn:mavedb:00000081-a-1#554,NA,NA,p.Ser80Val,0,4
urn:mavedb:00000081-a-1#555,NA,NA,p.Ser80Gly,0,4
urn:mavedb:00000081-a-1#556,NA,NA,p.Ser80Glu,0,4
urn:mavedb:00000081-a-1#557,NA,NA,p.Ser80Arg,0,4
urn:mavedb:00000081-a-1#558,NA,NA,p.Ser80Ala,0,4
urn:mavedb:00000081-a-1#559,NA,NA,p.Ser76Gly,1,4
urn:mavedb:00000081-a-1#560,NA,NA,p.Ser76Glu,0,4
urn:mavedb:00000081-a-1#561,NA,NA,p.Ser76Arg,0,4
urn:mavedb:00000081-a-1#562,NA,NA,p.Ser72Gly,0,4
urn:mavedb:00000081-a-1#563,NA,NA,p.Ser59Gly,1,4
urn:mavedb:00000081-a-1#564,NA,NA,p.Ser59Arg,0,4
urn:mavedb:00000081-a-1#565,NA,NA,p.Ser4Gly,0,4
urn:mavedb:00000081-a-1#566,NA,NA,p.Ser4Arg,0,4
urn:mavedb:00000081-a-1#567,NA,NA,p.Pro58Gly,0,4
urn:mavedb:00000081-a-1#568,NA,NA,p.Pro58Arg,0,4
urn:mavedb:00000081-a-1#569,NA,NA,p.Pro58Ala,0,4
urn:mavedb:00000081-a-1#570,NA,NA,p.Pro34Gly,1,4
urn:mavedb:00000081-a-1#571,NA,NA,p.Pro34Ala,0,4
urn:mavedb:00000081-a-1#572,NA,NA,p.Pro25Ser,0,4
urn:mavedb:00000081-a-1#573,NA,NA,p.Pro25Lys,0,4
urn:mavedb:00000081-a-1#574,NA,NA,p.Pro25Gly,0,4
urn:mavedb:00000081-a-1#575,NA,NA,p.Pro25Asp,1,3
urn:mavedb:00000081-a-1#576,NA,NA,p.Pro25Arg,0,4
urn:mavedb:00000081-a-1#577,NA,NA,p.Pro25Ala,0,3
urn:mavedb:00000081-a-1#578,NA,NA,p.Phe93Gly,4,4
urn:mavedb:00000081-a-1#579,NA,NA,p.Phe79Ser,1,4
urn:mavedb:00000081-a-1#580,NA,NA,p.Phe79Met,0,4
urn:mavedb:00000081-a-1#581,NA,NA,p.Phe79Gly,1,4
urn:mavedb:00000081-a-1#582,NA,NA,p.Phe79Arg,3,4
urn:mavedb:00000081-a-1#583,NA,NA,p.Phe46Gly,0,4
urn:mavedb:00000081-a-1#584,NA,NA,p.Phe43Gly,0,4
urn:mavedb:00000081-a-1#585,NA,NA,p.Met48Val,1,4
urn:mavedb:00000081-a-1#586,NA,NA,p.Met48Gly,0,4
urn:mavedb:00000081-a-1#587,NA,NA,p.Met48Arg,3,4
urn:mavedb:00000081-a-1#588,NA,NA,p.Met48Ala,0,4
urn:mavedb:00000081-a-1#589,NA,NA,p.Met18Val,2,4
urn:mavedb:00000081-a-1#590,NA,NA,p.Met18Trp,3,4
urn:mavedb:00000081-a-1#591,NA,NA,p.Met18Thr,4,3
urn:mavedb:00000081-a-1#592,NA,NA,p.Met18Ter,4,4
urn:mavedb:00000081-a-1#593,NA,NA,p.Met18Gly,4,4
urn:mavedb:00000081-a-1#594,NA,NA,p.Met18Glu,4,4
urn:mavedb:00000081-a-1#595,NA,NA,p.Met18Arg,4,4
urn:mavedb:00000081-a-1#596,NA,NA,p.Met18Ala,1,4
urn:mavedb:00000081-a-1#597,NA,NA,p.Lys88Val,0,4
urn:mavedb:00000081-a-1#598,NA,NA,p.Lys88Leu,0,4
urn:mavedb:00000081-a-1#599,NA,NA,p.Lys88Gly,0,4
urn:mavedb:00000081-a-1#600,NA,NA,p.Lys88Ala,0,4
urn:mavedb:00000081-a-1#601,NA,NA,p.Lys70Ser,1,4
urn:mavedb:00000081-a-1#602,NA,NA,p.Lys65Met,0,4
urn:mavedb:00000081-a-1#603,NA,NA,p.Lys65Gly,0,4
urn:mavedb:00000081-a-1#604,NA,NA,p.Lys65Arg,0,4
urn:mavedb:00000081-a-1#605,NA,NA,p.Lys65Ala,0,3
urn:mavedb:00000081-a-1#606,NA,NA,p.Lys56Val,0,3
urn:mavedb:00000081-a-1#607,NA,NA,p.Lys56Gly,0,4
urn:mavedb:00000081-a-1#608,NA,NA,p.Lys56Cys,0,3
urn:mavedb:00000081-a-1#609,NA,NA,p.Lys56Arg,0,4
urn:mavedb:00000081-a-1#610,NA,NA,p.Lys56Ala,1,4
urn:mavedb:00000081-a-1#611,NA,NA,p.Lys55Val,0,4
urn:mavedb:00000081-a-1#612,NA,NA,p.Lys55Thr,0,4
urn:mavedb:00000081-a-1#613,NA,NA,p.Lys55Leu,0,4
urn:mavedb:00000081-a-1#614,NA,NA,p.Lys55Gly,0,4
urn:mavedb:00000081-a-1#615,NA,NA,p.Lys55Arg,0,4
urn:mavedb:00000081-a-1#616,NA,NA,p.Lys50Gly,0,4
urn:mavedb:00000081-a-1#617,NA,NA,p.Lys50Ala,0,4
urn:mavedb:00000081-a-1#618,NA,NA,p.Lys45Gly,0,4
urn:mavedb:00000081-a-1#619,NA,NA,p.Lys45Arg,0,4
urn:mavedb:00000081-a-1#620,NA,NA,p.Lys32Val,0,4
urn:mavedb:00000081-a-1#621,NA,NA,p.Lys32Ser,0,4
urn:mavedb:00000081-a-1#622,NA,NA,p.Lys32Gly,0,4
urn:mavedb:00000081-a-1#623,NA,NA,p.Lys32Gln,1,3
urn:mavedb:00000081-a-1#624,NA,NA,p.Lys32Arg,0,4
urn:mavedb:00000081-a-1#625,NA,NA,p.Lys20Leu,0,4
urn:mavedb:00000081-a-1#626,NA,NA,p.Lys20Gly,0,4
urn:mavedb:00000081-a-1#627,NA,NA,p.Lys20Ala,1,3
urn:mavedb:00000081-a-1#628,NA,NA,p.Leu95Gly,3,4
urn:mavedb:00000081-a-1#629,NA,NA,p.Leu95Glu,0,3
urn:mavedb:00000081-a-1#630,NA,NA,p.Leu95Arg,0,4
urn:mavedb:00000081-a-1#631,NA,NA,p.Leu82Val,0,3
urn:mavedb:00000081-a-1#632,NA,NA,p.Leu82Gly,3,4
urn:mavedb:00000081-a-1#633,NA,NA,p.Leu82Arg,4,4
urn:mavedb:00000081-a-1#634,NA,NA,p.Leu73Gly,2,4
urn:mavedb:00000081-a-1#635,NA,NA,p.Leu73Arg,2,4
urn:mavedb:00000081-a-1#636,NA,NA,p.Leu6Val,0,4
urn:mavedb:00000081-a-1#637,NA,NA,p.Leu6Trp,0,4
urn:mavedb:00000081-a-1#638,NA,NA,p.Leu6Gly,0,4
urn:mavedb:00000081-a-1#639,NA,NA,p.Leu6Glu,0,4
urn:mavedb:00000081-a-1#640,NA,NA,p.Leu6Arg,0,4
urn:mavedb:00000081-a-1#641,NA,NA,p.Leu6Ala,0,4
urn:mavedb:00000081-a-1#642,NA,NA,p.Leu63Gly,0,4
urn:mavedb:00000081-a-1#643,NA,NA,p.Leu52Thr,1,3
urn:mavedb:00000081-a-1#644,NA,NA,p.Leu52Gly,0,4
urn:mavedb:00000081-a-1#645,NA,NA,p.Leu52Arg,1,4
urn:mavedb:00000081-a-1#646,NA,NA,p.Leu51Gly,0,4
urn:mavedb:00000081-a-1#647,NA,NA,p.Leu51Arg,0,4
urn:mavedb:00000081-a-1#648,NA,NA,p.Leu3Val,0,4
urn:mavedb:00000081-a-1#649,NA,NA,p.Leu3Gly,1,4
urn:mavedb:00000081-a-1#650,NA,NA,p.Leu3Glu,0,4
urn:mavedb:00000081-a-1#651,NA,NA,p.Leu3Ala,0,3
urn:mavedb:00000081-a-1#652,NA,NA,p.Leu30Val,0,4
urn:mavedb:00000081-a-1#653,NA,NA,p.Leu30Thr,0,3
urn:mavedb:00000081-a-1#654,NA,NA,p.Leu30Met,0,4
urn:mavedb:00000081-a-1#655,NA,NA,p.Leu30Gly,0,4
urn:mavedb:00000081-a-1#656,NA,NA,p.Leu30Arg,0,4
urn:mavedb:00000081-a-1#657,NA,NA,p.Leu28Val,1,4
urn:mavedb:00000081-a-1#658,NA,NA,p.Leu28Trp,0,3
urn:mavedb:00000081-a-1#659,NA,NA,p.Leu28Gly,0,4
urn:mavedb:00000081-a-1#660,NA,NA,p.Leu28Gln,0,4
urn:mavedb:00000081-a-1#661,NA,NA,p.Leu28Arg,0,4
urn:mavedb:00000081-a-1#662,NA,NA,p.Leu28Ala,0,4
urn:mavedb:00000081-a-1#663,NA,NA,p.Leu22Thr,1,4
urn:mavedb:00000081-a-1#664,NA,NA,p.Leu22Ser,3,4
urn:mavedb:00000081-a-1#665,NA,NA,p.Leu22Pro,4,4
urn:mavedb:00000081-a-1#666,NA,NA,p.Leu22His,3,3
urn:mavedb:00000081-a-1#667,NA,NA,p.Leu22Gly,4,4
urn:mavedb:00000081-a-1#668,NA,NA,p.Leu22Glu,4,4
urn:mavedb:00000081-a-1#669,NA,NA,p.Leu22Arg,4,3
urn:mavedb:00000081-a-1#670,NA,NA,p.Leu22Ala,1,4
urn:mavedb:00000081-a-1#671,NA,NA,p.Ile90Val,0,4
urn:mavedb:00000081-a-1#672,NA,NA,p.Ile90Thr,0,3
urn:mavedb:00000081-a-1#673,NA,NA,p.Ile90Gly,0,4
urn:mavedb:00000081-a-1#674,NA,NA,p.Ile89Ser,0,4
urn:mavedb:00000081-a-1#675,NA,NA,p.Ile89Gly,3,4
urn:mavedb:00000081-a-1#676,NA,NA,p.Ile89Glu,4,4
urn:mavedb:00000081-a-1#677,NA,NA,p.Ile89Asp,4,3
urn:mavedb:00000081-a-1#678,NA,NA,p.Ile89Arg,4,3
urn:mavedb:00000081-a-1#679,NA,NA,p.Ile68Val,0,4
urn:mavedb:00000081-a-1#680,NA,NA,p.Ile68Gly,4,4
urn:mavedb:00000081-a-1#681,NA,NA,p.Ile68Cys,0,4
urn:mavedb:00000081-a-1#682,NA,NA,p.Ile68Arg,4,4
urn:mavedb:00000081-a-1#683,NA,NA,p.Ile68Ala,0,4
urn:mavedb:00000081-a-1#684,NA,NA,p.Ile42Pro,1,4
urn:mavedb:00000081-a-1#685,NA,NA,p.Ile42Leu,0,4
urn:mavedb:00000081-a-1#686,NA,NA,p.Ile42Arg,0,4
urn:mavedb:00000081-a-1#687,NA,NA,p.Ile42Ala,1,4
urn:mavedb:00000081-a-1#688,NA,NA,p.Ile31Val,0,3
urn:mavedb:00000081-a-1#689,NA,NA,p.Ile31Lys,2,3
urn:mavedb:00000081-a-1#690,NA,NA,p.Ile31Gly,1,4
urn:mavedb:00000081-a-1#691,NA,NA,p.Ile31Glu,3,4
urn:mavedb:00000081-a-1#692,NA,NA,p.Ile31Arg,2,4
urn:mavedb:00000081-a-1#693,NA,NA,p.Ile26Phe,0,4
urn:mavedb:00000081-a-1#694,NA,NA,p.Ile26Leu,0,3
urn:mavedb:00000081-a-1#695,NA,NA,p.Ile26Gly,3,4
urn:mavedb:00000081-a-1#696,NA,NA,p.Ile26Arg,1,4
urn:mavedb:00000081-a-1#697,NA,NA,p.Ile21Gly,0,3
urn:mavedb:00000081-a-1#698,NA,NA,p.Ile15Val,0,4
urn:mavedb:00000081-a-1#699,NA,NA,p.Ile15Ser,4,4
urn:mavedb:00000081-a-1#700,NA,NA,p.Ile15Gly,4,4
urn:mavedb:00000081-a-1#701,NA,NA,p.His41Val,4,4
urn:mavedb:00000081-a-1#702,NA,NA,p.His41Thr,4,4
urn:mavedb:00000081-a-1#703,NA,NA,p.His41Ser,3,3
urn:mavedb:00000081-a-1#704,NA,NA,p.His41Leu,4,4
urn:mavedb:00000081-a-1#705,NA,NA,p.His41Gly,2,4
urn:mavedb:00000081-a-1#706,NA,NA,p.His41Glu,2,4
urn:mavedb:00000081-a-1#707,NA,NA,p.His41Cys,2,3
urn:mavedb:00000081-a-1#708,NA,NA,p.His41Arg,3,3
urn:mavedb:00000081-a-1#709,NA,NA,p.His41Ala,1,4
urn:mavedb:00000081-a-1#710,NA,NA,p.Gly57Arg,0,4
urn:mavedb:00000081-a-1#711,NA,NA,p.Glu9Gly,0,4
urn:mavedb:00000081-a-1#712,NA,NA,p.Glu85Gly,0,4
urn:mavedb:00000081-a-1#713,NA,NA,p.Glu84Gly,0,4
urn:mavedb:00000081-a-1#714,NA,NA,p.Glu84Arg,0,4
urn:mavedb:00000081-a-1#715,NA,NA,p.Glu84Ala,0,4
urn:mavedb:00000081-a-1#716,NA,NA,p.Glu75Gly,0,4
urn:mavedb:00000081-a-1#717,NA,NA,p.Glu33Gly,1,4
urn:mavedb:00000081-a-1#718,NA,NA,p.Glu33Ala,0,4
urn:mavedb:00000081-a-1#719,NA,NA,p.Glu29Val,0,4
urn:mavedb:00000081-a-1#720,NA,NA,p.Glu29Gly,0,4
urn:mavedb:00000081-a-1#721,NA,NA,p.Glu29Arg,0,4
urn:mavedb:00000081-a-1#722,NA,NA,p.Glu23Ile,0,4
urn:mavedb:00000081-a-1#723,NA,NA,p.Glu10Thr,1,4
urn:mavedb:00000081-a-1#724,NA,NA,p.Glu10Gly,0,4
urn:mavedb:00000081-a-1#725,NA,NA,p.Gln94Gly,0,4
urn:mavedb:00000081-a-1#726,NA,NA,p.Gln81Gly,0,4
urn:mavedb:00000081-a-1#727,NA,NA,p.Gln81Glu,0,4
urn:mavedb:00000081-a-1#728,NA,NA,p.Gln74Gly,0,4
urn:mavedb:00000081-a-1#729,NA,NA,p.Gln60Val,0,4
urn:mavedb:00000081-a-1#730,NA,NA,p.Gln60Leu,0,4
urn:mavedb:00000081-a-1#731,NA,NA,p.Gln60Gly,0,4
urn:mavedb:00000081-a-1#732,NA,NA,p.Gln60Asp,0,4
urn:mavedb:00000081-a-1#733,NA,NA,p.Gln60Asn,0,3
urn:mavedb:00000081-a-1#734,NA,NA,p.Gln54Val,0,3
urn:mavedb:00000081-a-1#735,NA,NA,p.Gln54Leu,0,4
urn:mavedb:00000081-a-1#736,NA,NA,p.Gln19Pro,3,4
urn:mavedb:00000081-a-1#737,NA,NA,p.Gln19Gly,0,4
urn:mavedb:00000081-a-1#738,NA,NA,p.Gln19Glu,0,4
urn:mavedb:00000081-a-1#739,NA,NA,p.Gln19Arg,0,4
urn:mavedb:00000081-a-1#740,NA,NA,p.Cys61Val,4,4
urn:mavedb:00000081-a-1#741,NA,NA,p.Cys61Gly,4,4
urn:mavedb:00000081-a-1#742,NA,NA,p.Cys47Gly,4,4
urn:mavedb:00000081-a-1#743,NA,NA,p.Cys47Arg,3,4
urn:mavedb:00000081-a-1#744,NA,NA,p.Cys44Pro,4,4
urn:mavedb:00000081-a-1#745,NA,NA,p.Cys44Gly,0,4
urn:mavedb:00000081-a-1#746,NA,NA,p.Cys44Glu,4,4
urn:mavedb:00000081-a-1#747,NA,NA,p.Cys44Arg,4,4
urn:mavedb:00000081-a-1#748,NA,NA,p.Cys44Ala,2,4
urn:mavedb:00000081-a-1#749,NA,NA,p.Cys39Val,4,4
urn:mavedb:00000081-a-1#750,NA,NA,p.Cys39Phe,4,4
urn:mavedb:00000081-a-1#751,NA,NA,p.Cys39Gly,4,4
urn:mavedb:00000081-a-1#752,NA,NA,p.Cys39Arg,4,4
urn:mavedb:00000081-a-1#753,NA,NA,p.Cys39Ala,4,4
urn:mavedb:00000081-a-1#754,NA,NA,p.Cys27Gly,4,4
urn:mavedb:00000081-a-1#755,NA,NA,p.Cys27Arg,4,4
urn:mavedb:00000081-a-1#756,NA,NA,p.Asp67Gly,0,4
urn:mavedb:00000081-a-1#757,NA,NA,p.Asp67Arg,1,4
urn:mavedb:00000081-a-1#758,NA,NA,p.Asp40Val,0,3
urn:mavedb:00000081-a-1#759,NA,NA,p.Leu99Arg,0,4
urn:mavedb:00000081-a-1#760,NA,NA,p.Leu182Thr,0,3
urn:mavedb:00000081-a-1#761,NA,NA,p.Leu182Pro,0,4
urn:mavedb:00000081-a-1#762,NA,NA,p.Leu182Gly,1,4
urn:mavedb:00000081-a-1#763,NA,NA,p.Leu182Glu,0,4
urn:mavedb:00000081-a-1#764,NA,NA,p.Leu182Gln,1,3
urn:mavedb:00000081-a-1#765,NA,NA,p.Leu182Arg,0,4
urn:mavedb:00000081-a-1#766,NA,NA,p.Leu182Ala,0,4
urn:mavedb:00000081-a-1#767,NA,NA,p.Leu165Val,0,4
urn:mavedb:00000081-a-1#768,NA,NA,p.Leu165Ser,0,4
urn:mavedb:00000081-a-1#769,NA,NA,p.Leu165Pro,0,4
urn:mavedb:00000081-a-1#770,NA,NA,p.Leu165Gly,0,4
urn:mavedb:00000081-a-1#771,NA,NA,p.Leu165Gln,0,4
urn:mavedb:00000081-a-1#772,NA,NA,p.Leu165Cys,0,4
urn:mavedb:00000081-a-1#773,NA,NA,p.Leu165Asp,0,3
urn:mavedb:00000081-a-1#774,NA,NA,p.Leu165Arg,0,4
urn:mavedb:00000081-a-1#775,NA,NA,p.Leu165Ala,0,4
urn:mavedb:00000081-a-1#776,NA,NA,p.Leu159Val,0,4
urn:mavedb:00000081-a-1#777,NA,NA,p.Leu159Ser,0,4
urn:mavedb:00000081-a-1#778,NA,NA,p.Leu159Pro,1,4
urn:mavedb:00000081-a-1#779,NA,NA,p.Leu159Gly,0,4
urn:mavedb:00000081-a-1#780,NA,NA,p.Leu159Arg,0,4
urn:mavedb:00000081-a-1#781,NA,NA,p.Leu159Ala,0,4
urn:mavedb:00000081-a-1#782,NA,NA,p.Leu156Gly,0,3
urn:mavedb:00000081-a-1#783,NA,NA,p.Leu156Ala,0,4
urn:mavedb:00000081-a-1#784,NA,NA,p.Leu152Val,0,4
urn:mavedb:00000081-a-1#785,NA,NA,p.Leu152Trp,0,3
urn:mavedb:00000081-a-1#786,NA,NA,p.Leu152Thr,1,4
urn:mavedb:00000081-a-1#787,NA,NA,p.Leu152Ter,4,4
urn:mavedb:00000081-a-1#788,NA,NA,p.Leu152Ser,0,4
urn:mavedb:00000081-a-1#789,NA,NA,p.Leu152Pro,0,4
urn:mavedb:00000081-a-1#790,NA,NA,p.Leu152Met,0,3
urn:mavedb:00000081-a-1#791,NA,NA,p.Leu152Lys,0,4
urn:mavedb:00000081-a-1#792,NA,NA,p.Leu152His,0,3
urn:mavedb:00000081-a-1#793,NA,NA,p.Leu152Gly,0,4
urn:mavedb:00000081-a-1#794,NA,NA,p.Leu152Gln,0,3
urn:mavedb:00000081-a-1#795,NA,NA,p.Leu152Asp,1,4
urn:mavedb:00000081-a-1#796,NA,NA,p.Leu152Arg,0,4
urn:mavedb:00000081-a-1#797,NA,NA,p.Leu152Ala,0,4
urn:mavedb:00000081-a-1#798,NA,NA,p.Leu147Val,0,4
urn:mavedb:00000081-a-1#799,NA,NA,p.Leu147Trp,0,4
urn:mavedb:00000081-a-1#800,NA,NA,p.Leu147Ser,0,3
urn:mavedb:00000081-a-1#801,NA,NA,p.Leu147Lys,0,4
urn:mavedb:00000081-a-1#802,NA,NA,p.Leu147Gly,0,4
urn:mavedb:00000081-a-1#803,NA,NA,p.Leu147Glu,1,4
urn:mavedb:00000081-a-1#804,NA,NA,p.Leu147Gln,1,4
urn:mavedb:00000081-a-1#805,NA,NA,p.Leu147Arg,0,4
urn:mavedb:00000081-a-1#806,NA,NA,p.Leu147Ala,0,4
urn:mavedb:00000081-a-1#807,NA,NA,p.Leu138Val,0,4
urn:mavedb:00000081-a-1#808,NA,NA,p.Leu138Thr,0,3
urn:mavedb:00000081-a-1#809,NA,NA,p.Leu138Pro,0,3
urn:mavedb:00000081-a-1#810,NA,NA,p.Leu138Met,0,4
urn:mavedb:00000081-a-1#811,NA,NA,p.Leu138Gly,1,4
urn:mavedb:00000081-a-1#812,NA,NA,p.Leu138Glu,0,3
urn:mavedb:00000081-a-1#813,NA,NA,p.Leu138Asp,0,3
urn:mavedb:00000081-a-1#814,NA,NA,p.Leu138Arg,0,4
urn:mavedb:00000081-a-1#815,NA,NA,p.Leu138Ala,0,4
urn:mavedb:00000081-a-1#816,NA,NA,p.Leu137Val,0,4
urn:mavedb:00000081-a-1#817,NA,NA,p.Leu137Gly,0,4
urn:mavedb:00000081-a-1#818,NA,NA,p.Leu137Glu,0,4
urn:mavedb:00000081-a-1#819,NA,NA,p.Leu137Arg,0,4
urn:mavedb:00000081-a-1#820,NA,NA,p.Leu118Pro,0,3
urn:mavedb:00000081-a-1#821,NA,NA,p.Leu118Gly,1,4
urn:mavedb:00000081-a-1#822,NA,NA,p.Leu118Gln,0,3
urn:mavedb:00000081-a-1#823,NA,NA,p.Leu118Arg,0,4
urn:mavedb:00000081-a-1#824,NA,NA,p.Leu118Ala,0,4
urn:mavedb:00000081-a-1#825,NA,NA,p.Ile171Val,0,4
urn:mavedb:00000081-a-1#826,NA,NA,p.Ile171Thr,0,4
urn:mavedb:00000081-a-1#827,NA,NA,p.Ile171Ser,0,3
urn:mavedb:00000081-a-1#828,NA,NA,p.Ile171Pro,0,3
urn:mavedb:00000081-a-1#829,NA,NA,p.Ile171Met,0,4
urn:mavedb:00000081-a-1#830,NA,NA,p.Ile171Lys,0,4
urn:mavedb:00000081-a-1#831,NA,NA,p.Ile171Leu,0,4
urn:mavedb:00000081-a-1#832,NA,NA,p.Ile171His,0,3
urn:mavedb:00000081-a-1#833,NA,NA,p.Ile171Gly,0,4
urn:mavedb:00000081-a-1#834,NA,NA,p.Ile171Glu,0,4
urn:mavedb:00000081-a-1#835,NA,NA,p.Ile171Arg,0,4
urn:mavedb:00000081-a-1#836,NA,NA,p.Ile171Ala,0,4
urn:mavedb:00000081-a-1#837,NA,NA,p.Ile125Val,0,4
urn:mavedb:00000081-a-1#838,NA,NA,p.Ile125Pro,0,4
urn:mavedb:00000081-a-1#839,NA,NA,p.Ile125Gly,1,4
urn:mavedb:00000081-a-1#840,NA,NA,p.Ile125Glu,0,4
urn:mavedb:00000081-a-1#841,NA,NA,p.Ile125Gln,0,4
urn:mavedb:00000081-a-1#842,NA,NA,p.Ile125Cys,0,3
urn:mavedb:00000081-a-1#843,NA,NA,p.Ile125Arg,0,4
urn:mavedb:00000081-a-1#844,NA,NA,p.Ile125Ala,1,4
urn:mavedb:00000081-a-1#845,NA,NA,p.Ile124Val,0,4
urn:mavedb:00000081-a-1#846,NA,NA,p.Ile124Thr,0,4
urn:mavedb:00000081-a-1#847,NA,NA,p.Ile124Ser,0,4
urn:mavedb:00000081-a-1#848,NA,NA,p.Ile124Pro,0,4
urn:mavedb:00000081-a-1#849,NA,NA,p.Ile124Lys,0,4
urn:mavedb:00000081-a-1#850,NA,NA,p.Ile124Leu,0,4
urn:mavedb:00000081-a-1#851,NA,NA,p.Ile124Gly,0,4
urn:mavedb:00000081-a-1#852,NA,NA,p.Ile124Asp,0,4
urn:mavedb:00000081-a-1#853,NA,NA,p.Ile124Arg,0,4
urn:mavedb:00000081-a-1#854,NA,NA,p.Ile124Ala,0,4
urn:mavedb:00000081-a-1#855,NA,NA,p.His117Val,0,4
urn:mavedb:00000081-a-1#856,NA,NA,p.His117Leu,1,4
urn:mavedb:00000081-a-1#857,NA,NA,p.His117Gly,0,4
urn:mavedb:00000081-a-1#858,NA,NA,p.Gly98Thr,0,3
urn:mavedb:00000081-a-1#859,NA,NA,p.Gly98Pro,4,4
urn:mavedb:00000081-a-1#860,NA,NA,p.Gly183Val,0,4
urn:mavedb:00000081-a-1#861,NA,NA,p.Gly183Trp,0,3
urn:mavedb:00000081-a-1#862,NA,NA,p.Gly183Thr,0,4
urn:mavedb:00000081-a-1#863,NA,NA,p.Gly183Ser,0,4
urn:mavedb:00000081-a-1#864,NA,NA,p.Gly183Pro,0,4
urn:mavedb:00000081-a-1#865,NA,NA,p.Gly183Phe,0,4
urn:mavedb:00000081-a-1#866,NA,NA,p.Gly183Met,0,4
urn:mavedb:00000081-a-1#867,NA,NA,p.Gly183Leu,0,4
urn:mavedb:00000081-a-1#868,NA,NA,p.Gly183Ile,0,3
urn:mavedb:00000081-a-1#869,NA,NA,p.Gly183His,0,4
urn:mavedb:00000081-a-1#870,NA,NA,p.Gly183Glu,0,4
urn:mavedb:00000081-a-1#871,NA,NA,p.Gly183Cys,1,3
urn:mavedb:00000081-a-1#872,NA,NA,p.Gly183Arg,0,4
urn:mavedb:00000081-a-1#873,NA,NA,p.Gly183Ala,0,4
urn:mavedb:00000081-a-1#874,NA,NA,p.Gly160Trp,0,3
urn:mavedb:00000081-a-1#875,NA,NA,p.Gly160Pro,0,4
urn:mavedb:00000081-a-1#876,NA,NA,p.Gly160Met,0,4
urn:mavedb:00000081-a-1#877,NA,NA,p.Gly160Gln,2,4
urn:mavedb:00000081-a-1#878,NA,NA,p.Gly160Arg,0,4
urn:mavedb:00000081-a-1#879,NA,NA,p.Gly160Ala,0,4
urn:mavedb:00000081-a-1#880,NA,NA,p.Gly129Val,0,4
urn:mavedb:00000081-a-1#881,NA,NA,p.Gly129Thr,0,3
urn:mavedb:00000081-a-1#882,NA,NA,p.Gly129Ser,0,4
urn:mavedb:00000081-a-1#883,NA,NA,p.Gly129Lys,0,3
urn:mavedb:00000081-a-1#884,NA,NA,p.Gly129Leu,0,4
urn:mavedb:00000081-a-1#885,NA,NA,p.Gly129Glu,0,3
urn:mavedb:00000081-a-1#886,NA,NA,p.Gly129Asp,0,4
urn:mavedb:00000081-a-1#887,NA,NA,p.Gly129Arg,0,4
urn:mavedb:00000081-a-1#888,NA,NA,p.Gly129Ala,0,4
urn:mavedb:00000081-a-1#889,NA,NA,p.Glu188Val,0,4
urn:mavedb:00000081-a-1#890,NA,NA,p.Glu188Tyr,0,4
urn:mavedb:00000081-a-1#891,NA,NA,p.Glu188Thr,0,4
urn:mavedb:00000081-a-1#892,NA,NA,p.Glu188Ser,0,4
urn:mavedb:00000081-a-1#893,NA,NA,p.Glu188Pro,0,4
urn:mavedb:00000081-a-1#894,NA,NA,p.Glu188Met,0,4
urn:mavedb:00000081-a-1#895,NA,NA,p.Glu188Lys,0,4
urn:mavedb:00000081-a-1#896,NA,NA,p.Glu188Leu,0,4
urn:mavedb:00000081-a-1#897,NA,NA,p.Glu188Ile,0,4
urn:mavedb:00000081-a-1#898,NA,NA,p.Glu188His,0,4
urn:mavedb:00000081-a-1#899,NA,NA,p.Glu188Gly,0,4
urn:mavedb:00000081-a-1#900,NA,NA,p.Glu188Gln,0,4
urn:mavedb:00000081-a-1#901,NA,NA,p.Glu188Cys,0,3
urn:mavedb:00000081-a-1#902,NA,NA,p.Glu188Asp,0,4
urn:mavedb:00000081-a-1#903,NA,NA,p.Glu188Arg,0,4
urn:mavedb:00000081-a-1#904,NA,NA,p.Glu188Ala,0,4
urn:mavedb:00000081-a-1#905,NA,NA,p.Glu181Val,0,4
urn:mavedb:00000081-a-1#906,NA,NA,p.Glu181Thr,0,4
urn:mavedb:00000081-a-1#907,NA,NA,p.Glu181Ser,0,4
urn:mavedb:00000081-a-1#908,NA,NA,p.Glu181Pro,0,4
urn:mavedb:00000081-a-1#909,NA,NA,p.Glu181Phe,0,3
urn:mavedb:00000081-a-1#910,NA,NA,p.Glu181Leu,0,4
urn:mavedb:00000081-a-1#911,NA,NA,p.Glu181Ile,0,3
urn:mavedb:00000081-a-1#912,NA,NA,p.Glu181Gly,0,4
urn:mavedb:00000081-a-1#913,NA,NA,p.Glu181Cys,0,3
urn:mavedb:00000081-a-1#914,NA,NA,p.Glu181Arg,0,4
urn:mavedb:00000081-a-1#915,NA,NA,p.Glu181Ala,0,4
urn:mavedb:00000081-a-1#916,NA,NA,p.Glu149Val,0,4
urn:mavedb:00000081-a-1#917,NA,NA,p.Glu149Trp,0,4
urn:mavedb:00000081-a-1#918,NA,NA,p.Glu149Thr,0,4
urn:mavedb:00000081-a-1#919,NA,NA,p.Glu149Ser,0,3
urn:mavedb:00000081-a-1#920,NA,NA,p.Glu149Pro,0,4
urn:mavedb:00000081-a-1#921,NA,NA,p.Glu149Gly,0,4
urn:mavedb:00000081-a-1#922,NA,NA,p.Glu149Arg,0,4
urn:mavedb:00000081-a-1#923,NA,NA,p.Glu149Ala,0,4
urn:mavedb:00000081-a-1#924,NA,NA,p.Glu143Val,0,4
urn:mavedb:00000081-a-1#925,NA,NA,p.Glu143Tyr,0,4
urn:mavedb:00000081-a-1#926,NA,NA,p.Glu143Trp,0,4
urn:mavedb:00000081-a-1#927,NA,NA,p.Glu143Thr,0,3
urn:mavedb:00000081-a-1#928,NA,NA,p.Glu143Ser,1,4
urn:mavedb:00000081-a-1#929,NA,NA,p.Glu143Pro,0,3
urn:mavedb:00000081-a-1#930,NA,NA,p.Glu143Phe,0,4
urn:mavedb:00000081-a-1#931,NA,NA,p.Glu143Leu,1,4
urn:mavedb:00000081-a-1#932,NA,NA,p.Glu143Gly,0,4
urn:mavedb:00000081-a-1#933,NA,NA,p.Glu143Gln,0,4
urn:mavedb:00000081-a-1#934,NA,NA,p.Glu143Cys,0,4
urn:mavedb:00000081-a-1#935,NA,NA,p.Glu143Asp,0,4
urn:mavedb:00000081-a-1#936,NA,NA,p.Glu143Arg,0,4
urn:mavedb:00000081-a-1#937,NA,NA,p.Glu143Ala,0,4
urn:mavedb:00000081-a-1#938,NA,NA,p.Glu141Val,0,4
urn:mavedb:00000081-a-1#939,NA,NA,p.Glu141Thr,0,3
urn:mavedb:00000081-a-1#940,NA,NA,p.Glu141Ser,0,4
urn:mavedb:00000081-a-1#941,NA,NA,p.Glu141Lys,0,3
urn:mavedb:00000081-a-1#942,NA,NA,p.Glu141Gly,0,4
urn:mavedb:00000081-a-1#943,NA,NA,p.Glu141Gln,0,4
urn:mavedb:00000081-a-1#944,NA,NA,p.Glu141Arg,0,4
urn:mavedb:00000081-a-1#945,NA,NA,p.Glu141Ala,0,4
urn:mavedb:00000081-a-1#946,NA,NA,p.Glu121Val,0,4
urn:mavedb:00000081-a-1#947,NA,NA,p.Glu121Ser,0,4
urn:mavedb:00000081-a-1#948,NA,NA,p.Glu121Pro,0,4
urn:mavedb:00000081-a-1#949,NA,NA,p.Glu121Leu,0,3
urn:mavedb:00000081-a-1#950,NA,NA,p.Glu121Gly,0,4
urn:mavedb:00000081-a-1#951,NA,NA,p.Glu121Arg,0,4
urn:mavedb:00000081-a-1#952,NA,NA,p.Glu121Ala,0,3
urn:mavedb:00000081-a-1#953,NA,NA,p.Glu116Val,0,3
urn:mavedb:00000081-a-1#954,NA,NA,p.Glu116Thr,1,4
urn:mavedb:00000081-a-1#955,NA,NA,p.Glu116Pro,0,4
urn:mavedb:00000081-a-1#956,NA,NA,p.Glu116Met,1,4
urn:mavedb:00000081-a-1#957,NA,NA,p.Glu116Leu,0,4
urn:mavedb:00000081-a-1#958,NA,NA,p.Glu116Gly,0,4
urn:mavedb:00000081-a-1#959,NA,NA,p.Glu116Arg,0,4
urn:mavedb:00000081-a-1#960,NA,NA,p.Glu116Ala,0,4
urn:mavedb:00000081-a-1#961,NA,NA,p.Glu111Val,0,4
urn:mavedb:00000081-a-1#962,NA,NA,p.Glu111Thr,0,4
urn:mavedb:00000081-a-1#963,NA,NA,p.Glu111Ser,0,4
urn:mavedb:00000081-a-1#964,NA,NA,p.Glu111Pro,0,4
urn:mavedb:00000081-a-1#965,NA,NA,p.Glu111Phe,0,4
urn:mavedb:00000081-a-1#966,NA,NA,p.Glu111Lys,0,4
urn:mavedb:00000081-a-1#967,NA,NA,p.Glu111Ile,0,4
urn:mavedb:00000081-a-1#968,NA,NA,p.Glu111Gly,0,4
urn:mavedb:00000081-a-1#969,NA,NA,p.Glu111Gln,0,3
urn:mavedb:00000081-a-1#970,NA,NA,p.Glu111Asp,0,3
urn:mavedb:00000081-a-1#971,NA,NA,p.Glu111Asn,0,4
urn:mavedb:00000081-a-1#972,NA,NA,p.Glu111Arg,1,4
urn:mavedb:00000081-a-1#973,NA,NA,p.Glu111Ala,0,4
urn:mavedb:00000081-a-1#974,NA,NA,p.Glu100Val,0,4
urn:mavedb:00000081-a-1#975,NA,NA,p.Glu100Pro,0,4
urn:mavedb:00000081-a-1#976,NA,NA,p.Glu100Leu,0,3
urn:mavedb:00000081-a-1#977,NA,NA,p.Glu100Ile,0,4
urn:mavedb:00000081-a-1#978,NA,NA,p.Glu100Gly,1,4
urn:mavedb:00000081-a-1#979,NA,NA,p.Glu100Cys,0,4
urn:mavedb:00000081-a-1#980,NA,NA,p.Glu100Asp,1,3
urn:mavedb:00000081-a-1#981,NA,NA,p.Glu100Asn,1,4
urn:mavedb:00000081-a-1#982,NA,NA,p.Glu100Arg,0,4
urn:mavedb:00000081-a-1#983,NA,NA,p.Glu100Ala,0,4
urn:mavedb:00000081-a-1#984,NA,NA,p.Gln174Leu,0,4
urn:mavedb:00000081-a-1#985,NA,NA,p.Gln174Ile,0,4
urn:mavedb:00000081-a-1#986,NA,NA,p.Gln174Gly,0,4
urn:mavedb:00000081-a-1#987,NA,NA,p.Gln174Glu,0,3
urn:mavedb:00000081-a-1#988,NA,NA,p.Gln174Arg,0,4
urn:mavedb:00000081-a-1#989,NA,NA,p.Gln174Ala,0,4
urn:mavedb:00000081-a-1#990,NA,NA,p.Gln172Val,0,4
urn:mavedb:00000081-a-1#991,NA,NA,p.Gln172Trp,0,4
urn:mavedb:00000081-a-1#992,NA,NA,p.Gln172Ser,0,4
urn:mavedb:00000081-a-1#993,NA,NA,p.Gln172Pro,0,4
urn:mavedb:00000081-a-1#994,NA,NA,p.Gln172Lys,0,4
urn:mavedb:00000081-a-1#995,NA,NA,p.Gln172Gly,1,4
urn:mavedb:00000081-a-1#996,NA,NA,p.Gln172Glu,0,4
urn:mavedb:00000081-a-1#997,NA,NA,p.Gln172Arg,0,4
urn:mavedb:00000081-a-1#998,NA,NA,p.Gln172Ala,0,4
urn:mavedb:00000081-a-1#999,NA,NA,p.Gln169Val,0,4
urn:mavedb:00000081-a-1#1000,NA,NA,p.Gln169Tyr,0,4
urn:mavedb:00000081-a-1#1001,NA,NA,p.Gln169Thr,0,4
urn:mavedb:00000081-a-1#1002,NA,NA,p.Gln169Ser,0,4
urn:mavedb:00000081-a-1#1003,NA,NA,p.Gln169Pro,0,4
urn:mavedb:00000081-a-1#1004,NA,NA,p.Gln169Leu,0,4
urn:mavedb:00000081-a-1#1005,NA,NA,p.Gln169Gly,0,4
urn:mavedb:00000081-a-1#1006,NA,NA,p.Gln169Cys,0,3
urn:mavedb:00000081-a-1#1007,NA,NA,p.Gln169Arg,0,4
urn:mavedb:00000081-a-1#1008,NA,NA,p.Gln169Ala,0,4
urn:mavedb:00000081-a-1#1009,NA,NA,p.Gln155Val,0,4
urn:mavedb:00000081-a-1#1010,NA,NA,p.Gln155Thr,0,4
urn:mavedb:00000081-a-1#1011,NA,NA,p.Gln155Ser,0,4
urn:mavedb:00000081-a-1#1012,NA,NA,p.Gln155Pro,0,4
urn:mavedb:00000081-a-1#1013,NA,NA,p.Gln155Met,0,4
urn:mavedb:00000081-a-1#1014,NA,NA,p.Gln155Lys,0,4
urn:mavedb:00000081-a-1#1015,NA,NA,p.Gln155Leu,1,4
urn:mavedb:00000081-a-1#1016,NA,NA,p.Gln155Gly,0,4
urn:mavedb:00000081-a-1#1017,NA,NA,p.Gln155Glu,0,4
urn:mavedb:00000081-a-1#1018,NA,NA,p.Gln155Cys,0,4
urn:mavedb:00000081-a-1#1019,NA,NA,p.Gln155Asp,0,4
urn:mavedb:00000081-a-1#1020,NA,NA,p.Asp40Gly,0,4
urn:mavedb:00000081-a-1#1021,NA,NA,p.Asp40Arg,0,4
urn:mavedb:00000081-a-1#1022,NA,NA,p.Asp40Ala,0,4
urn:mavedb:00000081-a-1#1023,NA,NA,p.Asp2Gly,0,4
urn:mavedb:00000081-a-1#1024,NA,NA,p.Asp2Arg,0,4
urn:mavedb:00000081-a-1#1025,NA,NA,p.Asp2Ala,0,4
urn:mavedb:00000081-a-1#1026,NA,NA,p.Asn66Val,0,4
urn:mavedb:00000081-a-1#1027,NA,NA,p.Asn66Phe,1,3
urn:mavedb:00000081-a-1#1028,NA,NA,p.Asn66Leu,0,3
urn:mavedb:00000081-a-1#1029,NA,NA,p.Asn66Gly,1,4
urn:mavedb:00000081-a-1#1030,NA,NA,p.Asn66Arg,0,4
urn:mavedb:00000081-a-1#1031,NA,NA,p.Asn66Ala,0,4
urn:mavedb:00000081-a-1#1032,NA,NA,p.Asn53Val,0,4
urn:mavedb:00000081-a-1#1033,NA,NA,p.Asn53Trp,1,3
urn:mavedb:00000081-a-1#1034,NA,NA,p.Asn53Ser,0,4
urn:mavedb:00000081-a-1#1035,NA,NA,p.Asn53Gly,0,4
urn:mavedb:00000081-a-1#1036,NA,NA,p.Asn53Asp,0,4
urn:mavedb:00000081-a-1#1037,NA,NA,p.Asn53Arg,1,4
urn:mavedb:00000081-a-1#1038,NA,NA,p.Asn16Gly,0,4
urn:mavedb:00000081-a-1#1039,NA,NA,p.Asn16Arg,0,4
urn:mavedb:00000081-a-1#1040,NA,NA,p.Asn16Ala,0,3
urn:mavedb:00000081-a-1#1041,NA,NA,p.Arg7Val,0,4
urn:mavedb:00000081-a-1#1042,NA,NA,p.Arg7Gly,1,4
urn:mavedb:00000081-a-1#1043,NA,NA,p.Arg7Glu,0,4
urn:mavedb:00000081-a-1#1044,NA,NA,p.Arg7Gln,0,3
urn:mavedb:00000081-a-1#1045,NA,NA,p.Arg7Ala,0,4
urn:mavedb:00000081-a-1#1046,NA,NA,p.Arg78Ser,0,4
urn:mavedb:00000081-a-1#1047,NA,NA,p.Arg78Gly,1,4
urn:mavedb:00000081-a-1#1048,NA,NA,p.Arg71Gly,0,4
urn:mavedb:00000081-a-1#1049,NA,NA,p.Ala92Thr,1,3
urn:mavedb:00000081-a-1#1050,NA,NA,p.Ala92Met,1,3
urn:mavedb:00000081-a-1#1051,NA,NA,p.Ala92Gly,0,4
urn:mavedb:00000081-a-1#1052,NA,NA,p.Ala5Val,0,3
urn:mavedb:00000081-a-1#1053,NA,NA,p.Ala5Ser,0,3
urn:mavedb:00000081-a-1#1054,NA,NA,p.Ala5Gly,0,4
urn:mavedb:00000081-a-1#1055,NA,NA,p.Ala5Arg,0,4
urn:mavedb:00000081-a-1#1056,NA,NA,p.Ala17Val,0,4
urn:mavedb:00000081-a-1#1057,NA,NA,p.Ala17Leu,1,3
urn:mavedb:00000081-a-1#1058,NA,NA,p.Ala17Gly,0,4
urn:mavedb:00000081-a-1#1059,NA,NA,p.Ala17Arg,0,4
urn:mavedb:00000081-a-1#1060,NA,NA,p.=,0,4
urn:mavedb:00000081-a-1#1061,NA,NA,p.(=),0,4
